{
    "translation": [
        0.14674515421946757,
        0.6140048643033142,
        0.0050709451743327985
    ],
    "rotation": [
        0.010660156398030675,
        -0.00817021342894962,
        -0.725682945252451,
        0.6878985866922862
    ]
}