{
    "translation": [
        0.11013961740167265,
        0.5870114867154684,
        0.00010205502968502797
    ],
    "rotation": [
        -0.001895478406646957,
        0.014264269068087485,
        0.7074255342790212,
        -0.7066413878156542
    ]
}