{
    "translation": [
        0.1467091713312797,
        0.6140173820088137,
        0.00511559116162488
    ],
    "rotation": [
        0.010181828574716077,
        -0.009090650340954185,
        -0.72583363257179,
        0.6877352849725785
    ]
}