{
    "translation": [
        -0.04953784295421184,
        0.7925952952732754,
        0.05159141460683584
    ],
    "rotation": [
        -0.006354641901679439,
        -0.004727906085192184,
        -0.7119226457835204,
        0.7022132239220101
    ]
}