{
    "translation": [
        0.21017234220023917,
        0.8945580597785079,
        0.06949159756554256
    ],
    "rotation": [
        0.0022054966171534815,
        0.004731411294389751,
        0.7037278897493129,
        -0.7104504252379714
    ]
}