{
    "translation": [
        0.2432091404860687,
        0.8984995622036315,
        0.053353379561784015
    ],
    "rotation": [
        0.003372280939503683,
        0.00019736051987760315,
        0.7133448658586115,
        -0.7008050307491022
    ]
}