
{"translation": [-0.47860194056058336, 0.23753808202558613, 0.7130053404466301], "rotation": [0.025122911613211008, 0.3012316629186421, -0.0014136021714528657, 0.9532189340878294]}
