{"translation": [-0.5015987695645561, 0.14639337181132756, 0.7146774692426884], "rotation": [0.03331109846577546, 0.3008756242955694, -0.12985811112520323, 0.9441933649449363]}