{"translation": [-0.5394799757410307, 0.689488738439892, 0.631895873952432], "rotation": [0.06652861694037165, 0.13202133959904488, -0.35013478114640706, 0.9249594337360559]}