{"translation": [-0.5461964817551177, 0.696821455029907, 0.6310040916491778], "rotation": [0.0644159801974622, 0.13164522467499917, -0.34313880713054756, 0.9277800845910557]}