{"translation": [-0.4782854807971743, 0.23807572618507022, 0.7106848239103098], "rotation": [0.024581573240309684, 0.3006083104100556, -0.0016285585244584788, 0.9534294665961758]}