{"translation": [-0.26144664761241376, 0.13834332599724186, 0.5738973229790235], "rotation": [0.12556745966858954, 0.4049094027660984, 0.08382226486066424, 0.9018065349868005]}