{"translation": [-0.47832474424925986, 0.2370841844389476, 0.712230699872763], "rotation": [0.02616148239338756, 0.3010184746140636, -0.0017917855215402456, 0.9532577061277503]}