{"translation": [-0.5165706332046892, 0.33624060936347855, 0.6251272537855016], "rotation": [0.11718654934339973, 0.23048088677066658, -0.38394123107419054, 0.8864169530051427]}