{"translation": [-0.47223768765891827, 0.2298801866340781, 0.7130557388622332], "rotation": [0.024795160073136036, 0.30161237323969636, 0.002547100010574288, 0.953104767921394]}