{"translation": [-0.5772958812222974, 0.6050075890994221, 0.6386860387571628], "rotation": [0.08049070545086029, 0.12150961807308058, -0.472265877399218, 0.8693225006310354]}