{"translation": [-0.4217185310608774, 0.14188384919849828, 0.7120148312181919], "rotation": [0.061814446470557116, 0.29410718441269956, -0.032849927287127934, 0.9532055552549491]}