{"translation": [0.8888907342476761, 0.38527485347919543, 0.6150520791867014], "rotation": [0.196494801898633, 0.07379526439747189, -0.9187594586567567, 0.33440261738696375]}