{"translation": [0.8497596218303296, 0.08194673170579791, 0.7881829950841233], "rotation": [0.33304458286811406, 0.05497915783769612, -0.9411121655644814, -0.01914396665735213]}