{"translation": [0.8149477026493048, 0.7244871413622234, 0.6247206138511909], "rotation": [0.14769452102928188, 0.10406239345343354, -0.8300205781736683, 0.527658211479844]}