{"translation": [0.8218844532659386, 0.1428097075534206, 0.7338999744053651], "rotation": [0.28139702274935796, -0.06266694410160109, -0.9574740286178718, 0.011491554908352547]}