{"translation": [0.7598821996726425, 0.1231354344349253, 0.7372195486763913], "rotation": [0.1979028281604039, 0.060166489406931895, -0.9724055441195729, 0.10789774571908894]}