{"translation": [0.8082522930383974, 0.15480573012781693, 0.7356743263680086], "rotation": [0.2836870101992778, -0.051722223225014186, -0.9558661902172318, 0.05627006198358145]}