{"translation": [0.8200671391512443, 0.1467264100518731, 0.7367940162692572], "rotation": [0.28326434483144947, -0.06388458932412389, -0.9568237616879917, 0.012975394811843233]}
