{"translation": [0.849861751800569, 0.0820393168772415, 0.7887641958852354], "rotation": [0.3331647045061663, 0.05493734286183198, -0.9410727335739273, -0.019112293464704]}