{"translation": [0.8195309909021978, 0.14416489512202996, 0.7368494786118358], "rotation": [0.28344423894570014, -0.06277083079894974, -0.956854648467266, 0.012180702897259893]}