{"translation": [0.8109538233188845, 0.7238257942740529, 0.6228123254282607], "rotation": [0.14746459819939328, 0.10369980312646043, -0.8318947298018968, 0.5248349295201667]}