{"translation": [0.8108291243060941, 0.6247271713644699, 0.6231469083694458], "rotation": [0.14704760952776375, 0.10370604009107853, -0.8319133983049165, 0.5249210960789705]}