{"translation": [0.8495684537019398, 0.08198434827992518, 0.7887607073179794], "rotation": [0.3332245775674503, 0.05492747316202952, -0.9410513044100024, -0.01915196262649238]}